bertscore_f1_macro,bleurt_macro,ppl_content_macro
0.8016253113746643,0.22134857793249677,6.274603180089013
