bertscore_f1_macro,bleurt_macro,ppl_content_macro
0.8278632164001465,0.33745931249916855,100.5963801676254
