bertscore_f1_macro,bleurt_macro,ppl_content_macro
0.833240270614624,0.33626947985962036,
