bertscore_f1_macro,bleurt_macro,ppl_content_macro
0.8540571331977844,0.393199785046242,11.208349109469864
