bertscore_f1_macro,bleurt_macro,ppl_content_macro
0.8298652768135071,0.3399221611022949,
