condition,n_samples,relevance_mean,relevance_std,coherence_mean,coherence_std,naturalness_mean,naturalness_std,avg_mean,avg_std
base,369,4.269196025293587,0.9242667078710802,4.2131887985546514,1.0726989656191388,4.266485998193316,1.0872504283007907,4.249623607347185,0.9939524304666449
fine_tuned,369,4.582655826558265,0.6670200547999746,4.60252935862692,0.6696804057381173,4.673893405600722,0.6360322352736858,4.6196928635953025,0.6332201987181664
