domain,n_samples,base_mean,base_std,fine_tuned_mean,fine_tuned_std,delta,wilcoxon_p
All,369,4.249623607347185,0.9939524304666449,4.6196928635953025,0.6332201987181664,0.3700692562481181,3.1702096046117955e-12
SGD,200,4.459444444444444,0.9879651455036611,4.921111111111111,0.19599248179181658,0.4616666666666667,2.1488707818880787e-11
WildChat,169,4.001314924391847,0.9452212931456542,4.262984878369493,0.7724331883170958,0.2616699539776463,0.0009662620182032356
