bertscore_f1_macro,bleurt_macro,ppl_content_macro
-0.14027871191501617,0.3088387479633093,79.65144563235701
