bertscore_f1_macro,bleurt_macro,ppl_content_macro
-0.31514397263526917,0.3501902475208044,274.2910485563909
