bertscore_f1_macro,bleurt_macro,ppl_content_macro
0.27101147174835205,0.5106996865570546,109.83573283043454
