bertscore_f1_macro,bleurt_macro,ppl_content_macro
0.011940686963498592,0.3766717709600925,212.7044228320574
