bertscore_f1_macro,bleurt_macro,ppl_content_macro
0.755679726600647,0.3227292798908811,409.59354835959437
