bertscore_f1_macro,bleurt_macro,ppl_content_macro
0.836514949798584,0.37271644352893135,9.394558279129289
