bertscore_f1_macro,bleurt_macro,ppl_content_macro
0.8334628939628601,0.36927390467375515,
