bertscore_f1_macro,bleurt_macro,ppl_content_macro
0.8122382164001465,0.3849690906330943,
