bertscore_f1_macro,bleurt_macro,ppl_content_macro
0.13660037517547607,0.44105403393507003,618.2249512926722
