bertscore_f1_macro,bleurt_macro,ppl_content_macro
0.22467081248760223,0.48616202361881733,247.73177880593542
