bertscore_f1_macro,bleurt_macro,ppl_content_macro
0.22920078039169312,0.48934470519423484,34.73086983400463
