bertscore_f1_macro,bleurt_macro,ppl_content_macro
0.7978493571281433,0.22935298877070898,8.996141863826319
