bertscore_f1_macro,bleurt_macro,ppl_content_macro
0.8126145005226135,0.2851799291245003,11.077068087179695
