bertscore_f1_macro,bleurt_macro,ppl_content_macro
0.839917778968811,0.39122389938682317,
