bertscore_f1_macro,bleurt_macro,ppl_content_macro
0.8141725063323975,0.24110810529796323,6.981337675736105
