bertscore_f1_macro,bleurt_macro,ppl_content_macro
-0.00783926248550415,0.3913968446850777,76.299858586089
