model,ref_base_bertscore,ref_base_bleurt,ref_base_degradation,ref_base_collapse,ref_ft_bertscore,ref_ft_bleurt,ref_ft_degradation,ref_ft_collapse
Llama 3B,,,,,0.8801646828651428,0.4148033320903778,0.023978791236877406,0.0
Qwen 3B,,,,,0.8745452761650085,0.40513182898362476,0.01885108470916752,0.0
LiquidAI 1.2B,0.7808665037155151,0.33943008015553155,0.10360379457473756,0.12,0.8800381422042847,0.40315333565076195,0.0292389655113221,0.0
OLMo 7B,0.826215386390686,0.29223487416903177,0.025482127666473398,0.0,0.8511428833007812,0.21596820284922918,0.04062406539916996,0.0
