bertscore_f1_macro,bleurt_macro,ppl_content_macro
0.8405411839485168,0.37359930185516876,62.922394329780225
