bertscore_f1_macro,bleurt_macro,ppl_content_macro
0.8256996870040894,0.3626843735575676,
