bertscore_f1_macro,bleurt_macro,ppl_content_macro
0.8320786952972412,0.36720475951209663,
