bertscore_f1_macro,bleurt_macro,ppl_content_macro
0.8456551432609558,0.3841574162843838,10.370097915082402
